{"assets/icon/1.png":["assets/icon/1.png"],"assets/icon/2.png":["assets/icon/2.png"],"assets/icon/3.png":["assets/icon/3.png"],"assets/icon/4.png":["assets/icon/4.png"],"assets/icon/5.png":["assets/icon/5.png"],"assets/icon/6.png":["assets/icon/6.png"],"assets/icon/8.png":["assets/icon/8.png"],"assets/icon/9.png":["assets/icon/9.png"],"assets/icon/favicon.png":["assets/icon/favicon.png"],"assets/icon/ic_launcher.svg":["assets/icon/ic_launcher.svg"],"assets/icon/icon.png":["assets/icon/icon.png"],"assets/icon/notif.mp3":["assets/icon/notif.mp3"],"assets/icon/splash.gif":["assets/icon/splash.gif"],"assets/profile/1.png":["assets/profile/1.png"],"assets/profile/2.png":["assets/profile/2.png"],"assets/profile/3.png":["assets/profile/3.png"],"assets/profile/4.png":["assets/profile/4.png"],"assets/profile/5.png":["assets/profile/5.png"],"assets/profile/6.png":["assets/profile/6.png"],"assets/profile/7.png":["assets/profile/7.png"],"assets/profile/8.png":["assets/profile/8.png"],"packages/cupertino_icons/assets/CupertinoIcons.ttf":["packages/cupertino_icons/assets/CupertinoIcons.ttf"]}